Date,Name,Year,Letterboxd URI,Rating
2023-08-21,Fight Club,1999,https://boxd.it/2a9q,4.5
2023-08-21,Joker,2019,https://boxd.it/h4cS,3.5
2023-08-21,Knives Out,2019,https://boxd.it/jWEA,5
2023-08-21,The Batman,2022,https://boxd.it/eDGs,3.5
2023-08-21,Barbie,2023,https://boxd.it/bCLK,4
2023-08-21,Pulp Fiction,1994,https://boxd.it/29Pq,3.5
2023-08-21,Get Out,2017,https://boxd.it/eOCm,4
2023-08-21,Whiplash,2014,https://boxd.it/7bQA,4
2023-08-21,La La Land,2016,https://boxd.it/a5fa,4.5
2023-08-21,Inception,2010,https://boxd.it/1skk,4
2023-08-21,The Dark Knight,2008,https://boxd.it/2b0k,4
2023-08-21,The Truman Show,1998,https://boxd.it/18U8,4.5
2023-08-21,The Menu,2022,https://boxd.it/lScm,4
2023-08-21,The Wolf of Wall Street,2013,https://boxd.it/3C1m,4
2023-08-21,Dune,2021,https://boxd.it/fA7G,4
2023-08-21,Once Upon a Time… in Hollywood,2019,https://boxd.it/gH0O,3.5
2023-08-21,The Shining,1980,https://boxd.it/29Nu,4
2023-08-21,Oppenheimer,2023,https://boxd.it/wUow,4
2023-08-21,Baby Driver,2017,https://boxd.it/bhF2,3
2023-08-21,The Social Network,2010,https://boxd.it/17ue,4.5
2023-08-21,The Godfather,1972,https://boxd.it/2aNK,4.5
2023-08-21,Call Me by Your Name,2017,https://boxd.it/dYmm,3.5
2023-08-21,Taxi Driver,1976,https://boxd.it/2b8y,3.5
2023-08-21,Guardians of the Galaxy,2014,https://boxd.it/3VH2,3.5
2023-08-21,Django Unchained,2012,https://boxd.it/2cCk,3.5
2023-08-21,Se7en,1995,https://boxd.it/29zs,3.5
2023-08-21,Arrival,2016,https://boxd.it/aNGk,4.5
2023-08-21,Blade Runner 2049,2017,https://boxd.it/b8wK,4
2023-08-21,The Lighthouse,2019,https://boxd.it/icFU,4
2023-08-21,The Shawshank Redemption,1994,https://boxd.it/2aHi,4
2023-08-21,Us,2019,https://boxd.it/gnV6,2
2023-08-21,Drive,2011,https://boxd.it/IG,4
2023-08-21,The Matrix,1999,https://boxd.it/2a1m,3.5
2023-08-21,Soul,2020,https://boxd.it/ioLA,4
2023-08-21,Top Gun: Maverick,2022,https://boxd.it/cjr4,3
2023-08-21,The Perks of Being a Wallflower,2012,https://boxd.it/2ZA8,3.5
2023-08-21,Star Wars,1977,https://boxd.it/72s,3.5
2023-08-21,Dead Poets Society,1989,https://boxd.it/2aSg,5
2023-08-21,Deadpool,2016,https://boxd.it/9fOC,4
2023-08-21,Uncut Gems,2019,https://boxd.it/gXGc,4
2023-08-21,Back to the Future,1985,https://boxd.it/2b8e,4
2023-08-21,Titanic,1997,https://boxd.it/2a2k,3.5
2023-08-21,Avatar,2009,https://boxd.it/1Efm,3
2023-08-21,WALL·E,2008,https://boxd.it/1VEo,4
2023-08-21,The Banshees of Inisherin,2022,https://boxd.it/p7XS,4.5
2023-08-21,Puss in Boots: The Last Wish,2022,https://boxd.it/aaie,4
2023-08-21,Up,2009,https://boxd.it/1OEc,4
2023-08-21,Nightcrawler,2014,https://boxd.it/780m,4
2023-08-21,2001: A Space Odyssey,1968,https://boxd.it/2bf0,3.5
2023-08-21,No Country for Old Men,2007,https://boxd.it/21ew,3.5
2023-08-21,Good Will Hunting,1997,https://boxd.it/2ahY,4.5
2023-08-21,Tenet,2020,https://boxd.it/leq4,2.5
2023-08-21,Iron Man,2008,https://boxd.it/28dA,3.5
2023-08-21,Memento,2000,https://boxd.it/2bcK,4.5
2023-08-21,(500) Days of Summer,2009,https://boxd.it/1EmM,4
2023-08-21,Toy Story,1995,https://boxd.it/29qA,4
2023-08-21,Jurassic Park,1993,https://boxd.it/2aA2,3.5
2023-08-21,The Incredibles,2004,https://boxd.it/1XLm,4
2023-08-21,My Neighbor Totoro,1988,https://boxd.it/20eA,4
2023-08-21,Mean Girls,2004,https://boxd.it/1VNg,3.5
2023-08-21,Finding Nemo,2003,https://boxd.it/72i,4
2023-08-21,Shrek,2001,https://boxd.it/29zi,4
2023-08-21,Bohemian Rhapsody,2018,https://boxd.it/f1TK,3
2023-08-21,Requiem for a Dream,2000,https://boxd.it/29VI,3
2023-08-21,Lost in Translation,2003,https://boxd.it/2b0E,3.5
2023-08-21,Ex Machina,2015,https://boxd.it/7T2k,4
2023-08-21,Birdman or (The Unexpected Virtue of Ignorance),2014,https://boxd.it/5RFA,3.5
2023-08-21,Superbad,2007,https://boxd.it/20hO,3.5
2023-08-21,There Will Be Blood,2007,https://boxd.it/20Z2,4
2023-08-21,The Martian,2015,https://boxd.it/8SeG,4
2023-08-21,Jaws,1975,https://boxd.it/2a5e,4
2023-08-21,The Departed,2006,https://boxd.it/28MA,4
2023-08-21,Schindler's List,1993,https://boxd.it/2aq2,4.5
2023-08-21,Home Alone,1990,https://boxd.it/29Fg,3.5
2023-08-21,The Big Lebowski,1998,https://boxd.it/2b6C,3.5
2023-08-21,The Devil Wears Prada,2006,https://boxd.it/2awE,4.5
2023-08-21,Léon: The Professional,1994,https://boxd.it/2b8S,4
2023-08-21,The Lobster,2015,https://boxd.it/7tnw,4
2023-08-21,Saving Private Ryan,1998,https://boxd.it/29ro,3.5
2023-08-21,12 Angry Men,1957,https://boxd.it/2auI,4.5
2023-08-21,The Royal Tenenbaums,2001,https://boxd.it/1YHU,3.5
2023-08-21,Isle of Dogs,2018,https://boxd.it/dZrW,4
2023-08-21,Mamma Mia!,2008,https://boxd.it/1Tnq,4.5
2023-08-21,Vertigo,1958,https://boxd.it/2apI,3
2023-08-21,About Time,2013,https://boxd.it/43bI,5
2023-08-21,Gladiator,2000,https://boxd.it/2b9m,4
2023-08-21,The Big Short,2015,https://boxd.it/ajZw,4
2023-08-21,Snowpiercer,2013,https://boxd.it/3Icg,4
2023-08-21,The Hangover,2009,https://boxd.it/1GjK,3.5
2023-08-21,School of Rock,2003,https://boxd.it/28xK,3.5
2023-08-21,Cars,2006,https://boxd.it/29ho,4
2023-08-21,The Green Knight,2021,https://boxd.it/kuy2,3.5
2023-08-21,Heat,1995,https://boxd.it/2bg8,3
2023-08-21,Midnight in Paris,2011,https://boxd.it/i4a,4
2023-08-21,21 Jump Street,2012,https://boxd.it/J0,3.5
2023-08-21,Sicario,2015,https://boxd.it/8i7u,4
2023-08-21,"The Good, the Bad and the Ugly",1966,https://boxd.it/2ape,4.5
2023-08-21,The Usual Suspects,1995,https://boxd.it/29XE,4.5
2023-08-21,Marcel the Shell with Shoes On,2021,https://boxd.it/wMAk,5
2023-08-21,George of the Jungle,1997,https://boxd.it/1VQO,4.5
2023-08-21,The Battle of Algiers,1966,https://boxd.it/1IRY,4.5
2023-08-21,The Illusionist,2006,https://boxd.it/28H6,4.5
2023-08-21,Spy,2015,https://boxd.it/71Ks,4.5
2023-08-21,Night at the Museum,2006,https://boxd.it/28wi,4.5
2023-08-21,Lars and the Real Girl,2007,https://boxd.it/21tG,4.5
2023-08-21,Primer,2004,https://boxd.it/6YA,5
2023-08-21,Southpaw,2015,https://boxd.it/9Phu,3
2023-08-21,Death to Smoochy,2002,https://boxd.it/1Z5M,3
2023-08-21,Bridge of Spies,2015,https://boxd.it/9n9C,3
2023-08-21,Her,2013,https://boxd.it/4O24,4.5
2023-08-21,One Flew Over the Cuckoo's Nest,1975,https://boxd.it/2aeA,3.5
2023-08-21,The Pianist,2002,https://boxd.it/2aqc,4
2023-08-21,Inglourious Basterds,2009,https://boxd.it/1JzG,3.5
2023-08-21,The Silence of the Lambs,1991,https://boxd.it/2aHW,3.5
2023-08-21,Interstellar,2014,https://boxd.it/4VZ8,3
2023-08-21,The Green Mile,1999,https://boxd.it/2agG,3
2023-08-21,Inside Out,2015,https://boxd.it/4KHC,4
2023-08-21,The Princess Bride,1987,https://boxd.it/26EY,3.5
2023-08-21,"Synecdoche, New York",2008,https://boxd.it/23zw,3
2023-08-21,Anchorman: The Legend of Ron Burgundy,2004,https://boxd.it/1ZVo,4
2023-08-21,What's Eating Gilbert Grape,1993,https://boxd.it/28xg,3
2023-08-21,Parallel Mothers,2021,https://boxd.it/sOP4,4
2023-08-21,The Platform,2019,https://boxd.it/mUm6,3.5
2023-08-21,The Revenant,2015,https://boxd.it/8H5e,3
2023-08-21,Paul Blart: Mall Cop,2009,https://boxd.it/1NQw,3.5
2023-08-21,Gone Baby Gone,2007,https://boxd.it/23R6,3
2023-08-21,Mulholland Drive,2001,https://boxd.it/297o,2.5
2023-08-21,Easy A,2010,https://boxd.it/17DK,3
2023-08-21,The Proposal,2009,https://boxd.it/1HiS,2.5
2023-08-21,To All the Boys I've Loved Before,2018,https://boxd.it/gHec,3.5
2023-08-21,The Princess Diaries,2001,https://boxd.it/1XCO,2.5
2023-08-21,Chef,2014,https://boxd.it/6lCG,3.5
2023-08-21,Little Miss Sunshine,2006,https://boxd.it/29EW,5
2023-08-21,The Peanut Butter Falcon,2019,https://boxd.it/gzu2,4
2023-08-21,The Theory of Everything,2014,https://boxd.it/7YtA,2.5
2023-08-21,Captain Phillips,2013,https://boxd.it/3GPK,3
2023-08-21,Lady Bird,2017,https://boxd.it/dGNE,3
2023-08-21,The Farewell,2019,https://boxd.it/kIky,4
2023-08-21,Minority Report,2002,https://boxd.it/2aWi,3.5
2023-08-21,Paprika,2006,https://boxd.it/23wW,4.5
2023-08-21,The Sixth Sense,1999,https://boxd.it/29Js,3
2023-08-21,The Game Plan,2007,https://boxd.it/1PDY,2.5
2023-08-21,Love Actually,2003,https://boxd.it/2aeU,3.5
2023-08-21,Minutemen,2008,https://boxd.it/1AG4,3
2023-08-21,The Pink Panther,2006,https://boxd.it/1Sys,4
2023-08-21,The Pink Panther 2,2009,https://boxd.it/1MHy,2.5
2023-08-21,Donnie Darko,2001,https://boxd.it/2b2A,3
2023-08-21,In Bruges,2008,https://boxd.it/20n8,4
2023-08-21,The Machinist,2004,https://boxd.it/248c,3.5
2023-08-21,Upstream Color,2013,https://boxd.it/4Cwc,2.5
2023-08-21,Dunkirk,2017,https://boxd.it/d0Y6,2.5
2023-08-21,Silence,2016,https://boxd.it/2cAo,3
2023-08-21,Marriage Story,2019,https://boxd.it/hJAw,1.5
2023-08-21,Toy Story 3,2010,https://boxd.it/1WRe,3
2023-08-21,The Lego Movie,2014,https://boxd.it/4pDO,4
2023-08-21,Sunshine,2007,https://boxd.it/28Xy,3.5
2023-08-21,Eternal Sunshine of the Spotless Mind,2004,https://boxd.it/6YK,3.5
2023-08-21,The Terminal,2004,https://boxd.it/2a2O,3
2023-08-21,High School Musical,2006,https://boxd.it/1V0y,3
2023-08-21,Rain Man,1988,https://boxd.it/2avw,3.5
2023-08-21,Monty Python and the Holy Grail,1975,https://boxd.it/29GI,4
2023-08-21,Ice Age,2002,https://boxd.it/2apS,3
2023-08-21,Slumdog Millionaire,2008,https://boxd.it/1S3E,3.5
2023-08-21,Mamma Mia! Here We Go Again,2018,https://boxd.it/gnfO,3
2023-08-21,The Imitation Game,2014,https://boxd.it/6aig,2.5
2023-08-21,Life of Pi,2012,https://boxd.it/37pC,3
2023-08-21,Finding Dory,2016,https://boxd.it/4aAA,2.5
2023-08-21,Zombieland,2009,https://boxd.it/1En6,3
2023-08-21,Now You See Me,2013,https://boxd.it/2Bsu,3.5
2023-08-21,Airplane!,1980,https://boxd.it/29yu,3.5
2023-08-21,Ghostbusters,1984,https://boxd.it/g2w,3
2023-08-21,Spaceballs,1987,https://boxd.it/29cy,2.5
2023-08-21,Groundhog Day,1993,https://boxd.it/2b3e,3.5
2023-08-21,Elf,2003,https://boxd.it/1VyK,3
2023-08-21,Napoleon Dynamite,2004,https://boxd.it/20wu,2.5
2023-08-21,The Polar Express,2004,https://boxd.it/23am,3
2023-08-21,Batman Begins,2005,https://boxd.it/2aIg,3
2023-08-21,Tropic Thunder,2008,https://boxd.it/20WM,3.5
2023-08-21,The Hunger Games,2012,https://boxd.it/2uds,3
2023-08-21,Looper,2012,https://boxd.it/ham,2.5
2023-08-21,Pitch Perfect,2012,https://boxd.it/3OsE,3
2023-08-21,Frozen,2013,https://boxd.it/3GNa,3.5
2023-08-21,Mad Max: Fury Road,2015,https://boxd.it/2DjO,3
2023-08-21,Pig,2021,https://boxd.it/nzoW,3.5
2023-08-21,The Bourne Identity,2002,https://boxd.it/26EO,4
2023-08-21,Ocean's Eleven,2001,https://boxd.it/2aZm,4
2023-08-21,Yes Man,2008,https://boxd.it/1WPW,3
2023-08-21,The Lord of the Rings: The Fellowship of the Ring,2001,https://boxd.it/2b5O,3.5
2023-08-21,The Lord of the Rings: The Two Towers,2002,https://boxd.it/2b5E,3.5
2023-08-21,The Lord of the Rings: The Return of the King,2003,https://boxd.it/2b5u,3.5
2023-08-21,Star Wars: Episode I – The Phantom Menace,1999,https://boxd.it/27Vc,2.5
2023-08-21,Kingsman: The Secret Service,2014,https://boxd.it/6dxe,3
2023-08-21,Moana,2016,https://boxd.it/8tfY,3.5
2023-08-21,The Conjuring,2013,https://boxd.it/4sr2,3
2023-08-21,Raiders of the Lost Ark,1981,https://boxd.it/2bbs,4
2023-08-21,Zootopia,2016,https://boxd.it/84xS,3
2023-08-21,Don't Look Up,2021,https://boxd.it/o0Hc,2.5
2023-08-21,The Lion King,1994,https://boxd.it/201Q,4
2023-08-21,"Monsters, Inc.",2001,https://boxd.it/2a46,3.5
2023-08-21,Black Panther,2018,https://boxd.it/8MHs,3
2023-08-21,E.T. the Extra-Terrestrial,1982,https://boxd.it/2a1G,3
2023-08-21,This Is Spinal Tap,1984,https://boxd.it/1UOs,3
2023-08-21,DodgeBall: A True Underdog Story,2004,https://boxd.it/1YAY,4
2023-08-21,Step Brothers,2008,https://boxd.it/1SsE,3
2023-08-21,Pineapple Express,2008,https://boxd.it/1WRS,2
2023-08-21,Happy Gilmore,1996,https://boxd.it/1Yey,3.5
2023-08-21,Borat: Cultural Learnings of America for Make Benefit Glorious Nation of Kazakhstan,2006,https://boxd.it/2agQ,4
2023-08-21,Anchorman 2: The Legend Continues,2013,https://boxd.it/3GNk,2
2023-08-21,Talladega Nights: The Ballad of Ricky Bobby,2006,https://boxd.it/1XYq,3.5
2023-08-21,The Internship,2013,https://boxd.it/3SWS,2.5
2023-08-21,Life of Brian,1979,https://boxd.it/2a4q,3
2023-08-21,The Breakfast Club,1985,https://boxd.it/27q4,3.5
2023-08-21,My Cousin Vinny,1992,https://boxd.it/1WpO,4
2023-08-21,Ferris Bueller's Day Off,1986,https://boxd.it/1YPY,2.5
2023-08-21,In the Loop,2009,https://boxd.it/1EsA,3
2023-08-21,A Fish Called Wanda,1988,https://boxd.it/29YC,3.5
2023-08-21,Ace Ventura: Pet Detective,1994,https://boxd.it/25RW,3.5
2023-08-21,Blazing Saddles,1974,https://boxd.it/1UHQ,3
2023-08-21,Young Frankenstein,1974,https://boxd.it/25To,3
2023-08-21,Old School,2003,https://boxd.it/1TmM,2.5
2023-08-21,Office Space,1999,https://boxd.it/28Em,3.5
2023-08-21,Hot Rod,2007,https://boxd.it/1X9C,3.5
2023-08-21,Idiocracy,2006,https://boxd.it/20RW,3.5
2023-08-21,MacGruber,2010,https://boxd.it/17ay,3
2023-08-21,Shang-Chi and the Legend of the Ten Rings,2021,https://boxd.it/kLDI,2.5
2023-08-21,Grown Ups,2010,https://boxd.it/169a,3
2023-08-21,Grown Ups 2,2013,https://boxd.it/3GAq,2
2023-08-21,Daddy Day Care,2003,https://boxd.it/1VAw,3.5
2023-08-21,Lake Mungo,2008,https://boxd.it/1rWM,2.5
2023-08-21,Lilo & Stitch,2002,https://boxd.it/1TAY,4.5
2023-08-21,The Hateful Eight,2015,https://boxd.it/8gw8,2.5
2023-08-21,Primal Fear,1996,https://boxd.it/28ws,4
2023-08-21,Shutter Island,2010,https://boxd.it/1U82,3.5
2023-08-21,The Gray Man,2022,https://boxd.it/rb7q,3
2023-08-21,Citizen Kane,1941,https://boxd.it/71O,2.5
2023-08-21,The Sound of Music,1965,https://boxd.it/1MLK,4
2023-08-21,American Beauty,1999,https://boxd.it/71Y,2.5
2023-08-21,Gravity,2013,https://boxd.it/GZY,1.5
2023-08-21,Green Book,2018,https://boxd.it/hErk,3
2023-08-21,Exam,2009,https://boxd.it/1mn8,3.5
2023-08-21,Notting Hill,1999,https://boxd.it/2aeK,3
2023-08-21,Source Code,2011,https://boxd.it/fdo,4
2023-08-21,Gran Torino,2008,https://boxd.it/1Qzy,3.5
2023-08-21,The Help,2011,https://boxd.it/EDm,3
2023-08-21,Hot Fuzz,2007,https://boxd.it/2416,3
2023-08-21,The Dark Knight Rises,2012,https://boxd.it/H3m,3
2023-08-21,The Town,2010,https://boxd.it/1zyS,4
2023-08-21,No Time to Die,2021,https://boxd.it/cPX2,2.5
2023-08-21,"Confess, Fletch",2022,https://boxd.it/ra9K,3.5
2023-08-21,Logan Lucky,2017,https://boxd.it/dZrs,3
2023-08-21,Coherence,2013,https://boxd.it/6xza,4
2023-08-21,Wonder Woman,2017,https://boxd.it/9roG,2.5
2023-08-21,Grease,1978,https://boxd.it/29YW,3
2023-08-21,The Lego Batman Movie,2017,https://boxd.it/azp0,3.5
2023-08-21,Con Air,1997,https://boxd.it/28gO,3
2023-08-21,The Bourne Ultimatum,2007,https://boxd.it/26Eu,3
2023-08-21,Bad Moms,2016,https://boxd.it/d5nk,4
2023-08-21,Widows,2018,https://boxd.it/e6gc,3.5
2023-08-21,West Side Story,1961,https://boxd.it/28dK,4
2023-08-21,The Bourne Supremacy,2004,https://boxd.it/26EE,3
2023-08-21,Jason Bourne,2016,https://boxd.it/ayYy,3
2023-08-21,Spectre,2015,https://boxd.it/6bXY,3
2023-08-21,Skyfall,2012,https://boxd.it/17Fc,3.5
2023-08-21,Casino Royale,2006,https://boxd.it/1alk,4
2023-08-21,Mission: Impossible,1996,https://boxd.it/29d2,3.5
2023-08-21,Mission: Impossible II,2000,https://boxd.it/29cS,3
2023-08-21,Mission: Impossible III,2006,https://boxd.it/29cI,3
2023-08-21,Mission: Impossible – Ghost Protocol,2011,https://boxd.it/psI,3
2023-08-21,Kingsman: The Golden Circle,2017,https://boxd.it/buJm,2.5
2023-08-21,Get Smart,2008,https://boxd.it/1Tig,4
2023-08-21,Murder Mystery,2019,https://boxd.it/iEBm,4
2023-08-21,Murder Mystery 2,2023,https://boxd.it/nHOo,3
2023-08-21,Remember the Titans,2000,https://boxd.it/1VLk,3.5
2023-08-21,The Blind Side,2009,https://boxd.it/1zWg,1
2023-08-21,Rudy,1993,https://boxd.it/1NUe,3.5
2023-08-21,Glory,1989,https://boxd.it/1Y6u,4
2023-08-21,Phone Booth,2002,https://boxd.it/285G,4
2023-08-21,Insomnia,2002,https://boxd.it/2aB0,3.5
2023-08-21,Fracture,2007,https://boxd.it/220K,3
2023-08-21,Thor,2011,https://boxd.it/1WQU,1
2023-08-21,Beowulf,2007,https://boxd.it/26Xw,2.5
2023-08-21,Judgment at Nuremberg,1961,https://boxd.it/29xc,3.5
2023-08-21,No Reservations,2007,https://boxd.it/256w,3.5
2023-08-21,Scooby-Doo,2002,https://boxd.it/1YaQ,3.5
2023-08-21,Madagascar,2005,https://boxd.it/29dc,3.5
2023-08-21,Madagascar: Escape 2 Africa,2008,https://boxd.it/1W2K,4
2023-08-21,Despicable Me,2010,https://boxd.it/1DD8,3
2023-08-21,Despicable Me 2,2013,https://boxd.it/3gg0,3
2023-08-21,Minions,2015,https://boxd.it/6jCO,2.5
2023-08-21,Megamind,2010,https://boxd.it/16Sk,4
2023-08-21,Robots,2005,https://boxd.it/1Xve,2.5
2023-08-21,Toy Story 2,1999,https://boxd.it/29qq,3.5
2023-08-21,Toy Story 4,2019,https://boxd.it/9ALu,3
2023-08-21,Wreck-It Ralph,2012,https://boxd.it/2TTS,3
2023-08-21,Incredibles 2,2018,https://boxd.it/7IPg,3
2023-08-21,Kung Fu Panda,2008,https://boxd.it/1Yws,4
2023-08-21,Spider-Man: Into the Spider-Verse,2018,https://boxd.it/azpY,4
2023-08-21,Spider-Man: Across the Spider-Verse,2023,https://boxd.it/kSz4,4
2023-08-21,The Big Chill,1983,https://boxd.it/1RHI,3
2023-08-21,Butch Cassidy and the Sundance Kid,1969,https://boxd.it/29Vy,3.5
2023-08-21,It's a Wonderful Life,1946,https://boxd.it/28xA,4
2023-08-21,Scrooged,1988,https://boxd.it/1Y9e,3
2023-08-21,A Christmas Story,1983,https://boxd.it/29sw,3
2023-08-21,The Little Drummer Boy,1968,https://boxd.it/1Gds,3
2023-08-21,The Nightmare Before Christmas,1993,https://boxd.it/1YzQ,3
2023-08-21,Rudolph the Red-Nosed Reindeer,1964,https://boxd.it/1Qis,3
2023-08-21,Frosty the Snowman,1969,https://boxd.it/1PEC,3
2023-08-21,Vesper,2022,https://boxd.it/ASlI,3.5
2023-08-21,Prospect,2018,https://boxd.it/iijg,4
2023-08-21,We Bought a Zoo,2011,https://boxd.it/2AU8,3
2023-08-21,Maid in Manhattan,2002,https://boxd.it/210O,3
2023-08-21,Surf's Up,2007,https://boxd.it/1YKY,4.5
2023-08-21,The Dream Team,1989,https://boxd.it/1NRY,3
2023-08-21,Inside Man,2006,https://boxd.it/2auS,3.5
2023-08-21,The Invention of Lying,2009,https://boxd.it/1zGs,3.5
2023-08-21,Les Misérables,2012,https://boxd.it/2TT4,3
2023-08-21,The Talented Mr. Ripley,1999,https://boxd.it/2924,4
2023-08-21,The Sting,1973,https://boxd.it/1Z5s,3.5
2023-08-21,The Dirty Dozen,1967,https://boxd.it/28nK,3
2023-08-21,The Last Duel,2021,https://boxd.it/mQbe,3
2023-08-21,With Honors,1994,https://boxd.it/1Kp8,3
2023-08-21,Caddyshack,1980,https://boxd.it/1SCO,3.5
2023-08-21,"Planes, Trains and Automobiles",1987,https://boxd.it/26zE,3.5
2023-08-21,The Dig,2021,https://boxd.it/jo2i,4
2023-08-21,Homeward Bound: The Incredible Journey,1993,https://boxd.it/21lM,3.5
2023-08-21,Babe,1995,https://boxd.it/1Yh8,3
2023-08-21,Lady and the Tramp,1955,https://boxd.it/1Wv8,3
2023-08-21,Underdog,2007,https://boxd.it/21vi,3.5
2023-08-21,Air Bud,1997,https://boxd.it/1CYY,4
2023-08-21,Beethoven,1992,https://boxd.it/1T36,2.5
2023-08-21,Without Limits,1998,https://boxd.it/1AQS,3.5
2023-08-21,The Long Green Line,2008,https://boxd.it/4iuU,4
2023-08-21,The Candidate,1972,https://boxd.it/1Bvc,3
2023-08-21,Candyman,2021,https://boxd.it/kHFg,2
2023-08-21,When Harry Met Sally...,1989,https://boxd.it/29W2,3
2023-08-21,The Princess and the Pilot,2011,https://boxd.it/3fEU,3
2023-08-21,Troy,2004,https://boxd.it/29TW,3.5
2023-08-21,Thank You for Smoking,2005,https://boxd.it/1YOc,3
2023-08-21,This Is the End,2013,https://boxd.it/3GB4,2.5
2023-08-21,Eagle Eye,2008,https://boxd.it/1QZc,3.5
2023-08-21,Gangs of New York,2002,https://boxd.it/25FG,4
2023-08-21,Taken,2008,https://boxd.it/1ZXa,3
2023-08-21,Taken 2,2012,https://boxd.it/2TWi,3
2023-08-21,Stand and Deliver,1988,https://boxd.it/1o5g,3
2023-08-21,Trading Places,1983,https://boxd.it/28sK,3
2023-08-21,Over the Hedge,2006,https://boxd.it/20QY,3
2023-08-21,Rango,2011,https://boxd.it/QPk,3.5
2023-08-21,Rio,2011,https://boxd.it/NKc,3
2023-08-21,Spirit: Stallion of the Cimarron,2002,https://boxd.it/1Zmo,3.5
2023-08-21,The Other Guys,2010,https://boxd.it/1rtq,3
2023-08-21,Bruce Almighty,2003,https://boxd.it/2aCC,3
2023-08-21,Wag the Dog,1997,https://boxd.it/2a3W,3
2023-08-21,The Greatest Game Ever Played,2005,https://boxd.it/1M8I,3
2023-08-21,Happy Feet,2006,https://boxd.it/1XH0,2.5
2023-08-21,Bonnie and Clyde,1967,https://boxd.it/2ajg,3
2023-08-21,Apollo 13,1995,https://boxd.it/2a6G,3.5
2023-08-21,Casablanca,1942,https://boxd.it/2aG0,3.5
2023-08-21,Patton,1970,https://boxd.it/1UnQ,2
2023-08-21,The Wizard of Oz,1939,https://boxd.it/29Xu,3.5
2023-08-21,The Great Dictator,1940,https://boxd.it/29ic,3
2023-08-21,Blades of Glory,2007,https://boxd.it/1Xrm,3
2023-08-21,Cheaper by the Dozen,2003,https://boxd.it/1USa,3
2023-08-21,Akeelah and the Bee,2006,https://boxd.it/1PuC,3.5
2023-08-21,You Don't Mess with the Zohan,2008,https://boxd.it/1VHs,1.5
2023-08-21,The Longest Yard,2005,https://boxd.it/1Z3c,3
2023-08-21,A League of Their Own,1992,https://boxd.it/1UdG,4
2023-08-21,Philadelphia,1993,https://boxd.it/1XMk,3.5
2023-08-21,Willy Wonka & the Chocolate Factory,1971,https://boxd.it/2aLu,3.5
2023-08-21,Shark Tale,2004,https://boxd.it/1VYe,2
2023-08-21,Fifty Shades of Grey,2015,https://boxd.it/6qLo,1.5
2023-08-21,National Treasure,2004,https://boxd.it/27x0,4
2023-08-21,Borat Subsequent Moviefilm,2020,https://boxd.it/rNS0,2.5
2023-08-21,Chariots of Fire,1981,https://boxd.it/1YFu,3
2023-08-21,Best in Show,2000,https://boxd.it/1Pqq,3
2023-08-21,Angels in the Outfield,1994,https://boxd.it/1wYo,3
2023-08-21,The Fighter,2010,https://boxd.it/PP4,3.5
2023-08-21,Herbie Fully Loaded,2005,https://boxd.it/1TP0,3.5
2023-08-21,Hamilton,2020,https://boxd.it/kmvE,3.5
2023-08-21,Enchanted,2007,https://boxd.it/24co,3.5
2023-08-21,Super Troopers,2001,https://boxd.it/12Rs,2.5
2023-08-21,Vice,2018,https://boxd.it/fcFY,2.5
2023-08-21,Project X,2012,https://boxd.it/neO,3.5
2023-08-21,8 Mile,2002,https://boxd.it/2bew,3.5
2023-08-21,The Sandlot,1993,https://boxd.it/1TDy,3.5
2023-08-21,Rounders,1998,https://boxd.it/1WMS,4
2023-08-21,Hustlers,2019,https://boxd.it/jIBM,3.5
2023-08-21,Mrs. Doubtfire,1993,https://boxd.it/29Cw,3
2023-08-21,Pocahontas,1995,https://boxd.it/1W2g,4
2023-08-21,Yesterday,2019,https://boxd.it/iF7M,2.5
2023-08-21,"Good Morning, Vietnam",1987,https://boxd.it/29Aq,3.5
2023-08-21,The Italian Job,2003,https://boxd.it/1Y86,3.5
2023-08-21,Moneyball,2011,https://boxd.it/glS,3.5
2023-08-21,Hidden Figures,2016,https://boxd.it/dgS4,3.5
2023-08-21,Tarzan,1999,https://boxd.it/18YO,4
2023-08-21,The Half of It,2020,https://boxd.it/m0T4,3.5
2023-08-21,Murder on the Orient Express,2017,https://boxd.it/dHjA,3.5
2023-08-22,Legally Blonde,2001,https://boxd.it/1ZNa,3.5
2023-08-22,"Crazy, Stupid, Love.",2011,https://boxd.it/D9A,3.5
2023-08-22,Sideways,2004,https://boxd.it/1Y5c,3
2023-08-22,The Best Exotic Marigold Hotel,2011,https://boxd.it/2AJu,3
2023-08-22,Salmon Fishing in the Yemen,2011,https://boxd.it/2Ptc,3.5
2023-08-22,A Scanner Darkly,2006,https://boxd.it/25jK,2.5
2023-08-22,Pi,1998,https://boxd.it/2ajq,3.5
2023-08-22,American Factory,2019,https://boxd.it/kJuY,3
2023-08-22,Boys State,2020,https://boxd.it/oiNW,3.5
2023-08-22,Enron: The Smartest Guys in the Room,2005,https://boxd.it/1R0k,3.5
2023-08-22,Get Me Roger Stone,2017,https://boxd.it/fYtc,3.5
2023-08-22,I Am Not Your Negro,2016,https://boxd.it/etXy,3.5
2023-08-22,Icarus,2017,https://boxd.it/fmje,4
2023-08-22,Jiro Dreams of Sushi,2011,https://boxd.it/2ONU,4
2023-08-22,The Act of Killing,2012,https://boxd.it/44Cg,4
2023-08-22,Year One,2009,https://boxd.it/1Ink,2
2023-08-22,Wet Hot American Summer,2001,https://boxd.it/27hw,3.5
2023-08-22,Who's Your Caddy?,2007,https://boxd.it/1LWC,0.5
2023-08-22,The Last of the Mohicans,1992,https://boxd.it/1YSo,3.5
2023-08-22,The Hobbit: An Unexpected Journey,2012,https://boxd.it/GZk,2.5
2023-08-22,The Hobbit: The Desolation of Smaug,2013,https://boxd.it/nmS,2.5
2023-08-22,The Hobbit: The Battle of the Five Armies,2014,https://boxd.it/43aU,2.5
2023-08-22,Ted,2012,https://boxd.it/2pgc,2.5
2023-08-22,Lincoln,2012,https://boxd.it/2n2s,2.5
2023-08-22,Meet the Fockers,2004,https://boxd.it/29NE,2.5
2023-08-22,Oliver!,1968,https://boxd.it/1HQU,2.5
2023-08-22,Pirates of the Caribbean: The Curse of the Black Pearl,2003,https://boxd.it/70G,3.5
2023-08-22,Pirates of the Caribbean: Dead Man's Chest,2006,https://boxd.it/2bfk,3
2023-08-22,Pirates of the Caribbean: At World's End,2007,https://boxd.it/2aGu,2.5
2023-08-22,True Lies,1994,https://boxd.it/19pq,2.5
2023-08-22,A Beautiful Mind,2001,https://boxd.it/2amk,4
2023-08-22,Yogi Bear,2010,https://boxd.it/Zcc,2.5
2023-08-22,The Secret Garden,1993,https://boxd.it/1Uim,3.5
2023-08-22,Fantasia,1940,https://boxd.it/29HG,3.5
2023-08-22,Snow White and the Seven Dwarfs,1937,https://boxd.it/2arO,3
2023-08-22,The Princess and the Frog,2009,https://boxd.it/1WQq,3
2023-08-22,Beauty and the Beast,1991,https://boxd.it/1XhG,3.5
2023-08-22,Hercules,1997,https://boxd.it/1SDW,3
2023-08-22,Frozen II,2019,https://boxd.it/aPvo,2.5
2023-08-22,The Little Mermaid,1989,https://boxd.it/1WYO,3
2023-08-22,Aladdin,1992,https://boxd.it/29yE,4.5
2023-08-22,The Jungle Book,1967,https://boxd.it/1YY2,3
2023-08-22,Cinderella,1950,https://boxd.it/1Uki,2.5
2023-08-22,The Nice Guys,2016,https://boxd.it/94Hg,5
2023-08-22,The Intern,2015,https://boxd.it/7AOE,2.5
2023-08-22,Forgetting Sarah Marshall,2008,https://boxd.it/1XEq,3
2023-08-22,Flushed Away,2006,https://boxd.it/1Tpm,1.5
2023-08-22,Camp Rock,2008,https://boxd.it/1PHw,2.5
2023-08-22,25th Hour,2002,https://boxd.it/28LC,4
2023-08-22,What Lies Beneath,2000,https://boxd.it/26v8,3
2023-08-22,Death at a Funeral,2007,https://boxd.it/27dO,3
2023-08-22,The Benchwarmers,2006,https://boxd.it/1Xr2,2.5
2023-08-22,Couples Retreat,2009,https://boxd.it/1EnU,2
2023-08-22,The Empire Strikes Back,1980,https://boxd.it/27Vw,3.5
2023-08-22,Return of the Jedi,1983,https://boxd.it/27Vm,3
2023-08-22,Star Wars: Episode II – Attack of the Clones,2002,https://boxd.it/27V2,2.5
2023-08-22,Star Wars: Episode III – Revenge of the Sith,2005,https://boxd.it/27US,2.5
2023-08-22,Star Wars: The Force Awakens,2015,https://boxd.it/4vru,2.5
2023-08-22,Star Wars: The Last Jedi,2017,https://boxd.it/5xme,2.5
2023-08-22,Rogue One: A Star Wars Story,2016,https://boxd.it/aPvy,3
2023-08-22,Harry Potter and the Philosopher's Stone,2001,https://boxd.it/29QS,3
2023-08-22,Harry Potter and the Chamber of Secrets,2002,https://boxd.it/29QI,3
2023-08-22,Harry Potter and the Prisoner of Azkaban,2004,https://boxd.it/29Qy,3
2023-08-22,Harry Potter and the Goblet of Fire,2005,https://boxd.it/29Qo,3
2023-08-22,Harry Potter and the Order of the Phoenix,2007,https://boxd.it/29Qe,3
2023-08-22,Harry Potter and the Half-Blood Prince,2009,https://boxd.it/29FU,3
2023-08-22,Harry Potter and the Deathly Hallows: Part 1,2010,https://boxd.it/1RYu,3
2023-08-22,Harry Potter and the Deathly Hallows: Part 2,2011,https://boxd.it/1RYk,3
2023-08-22,Onward,2020,https://boxd.it/io92,2.5
2023-08-22,Snatch,2000,https://boxd.it/2b7U,3
2023-08-22,Jumanji,1995,https://boxd.it/1ZLI,3.5
2023-08-22,The Karate Kid,1984,https://boxd.it/27Wk,3
2023-08-22,Knock Knock,2015,https://boxd.it/7Q9s,3
2023-08-22,The Love Guru,2008,https://boxd.it/1Sm2,0.5
2023-08-22,Kindergarten Cop,1990,https://boxd.it/29dm,1
2023-08-22,Argo,2012,https://boxd.it/2czU,2.5
2023-08-25,Sour Grapes,2016,https://boxd.it/dRRM,3.5
2023-08-25,Feels Good Man,2020,https://boxd.it/oigS,4
2023-08-25,March of the Penguins,2005,https://boxd.it/28lE,3
2023-08-25,The Dissident,2020,https://boxd.it/oiQm,3
2023-08-25,Infinitely Polar Bear,2014,https://boxd.it/7bne,2.5
2023-08-25,A Bug's Life,1998,https://boxd.it/1Yyy,2.5
2023-08-25,The Secret Life of Pets,2016,https://boxd.it/aJ5E,2
2023-08-25,Bee Movie,2007,https://boxd.it/22Vw,2.5
2023-08-25,Sing,2016,https://boxd.it/b5EQ,2
2023-08-25,Alvin and the Chipmunks,2007,https://boxd.it/21E0,2.5
2023-08-25,Mary Poppins,1964,https://boxd.it/2aoA,3
2023-08-25,Annie,1982,https://boxd.it/1LCi,3
2023-08-25,The Namesake,2006,https://boxd.it/1JJG,3.5
2023-08-25,Singin' in the Rain,1952,https://boxd.it/29oY,3
2023-08-25,Strictly Ballroom,1992,https://boxd.it/1WkY,4
2023-08-25,10 Cloverfield Lane,2016,https://boxd.it/aZiu,3.5
2023-08-25,Sausage Party,2016,https://boxd.it/6CCe,1.5
2023-08-25,Ballistic: Ecks vs. Sever,2002,https://boxd.it/1VZ2,2.5
2023-08-25,The Grand Budapest Hotel,2014,https://boxd.it/3ZqO,3
2023-08-25,Braveheart,1995,https://boxd.it/2aTI,2.5
2023-08-25,Rear Window,1954,https://boxd.it/2a6Q,3
2023-08-25,To Kill a Mockingbird,1962,https://boxd.it/2a2E,3
2023-08-25,How to Train Your Dragon,2010,https://boxd.it/1WRy,4.5
2023-08-25,Bridesmaids,2011,https://boxd.it/rac,3.5
2023-08-25,Horrible Bosses,2011,https://boxd.it/Ba2,2.5
2023-08-25,Semi-Pro,2008,https://boxd.it/1Qw0,2
2023-08-25,Kicking & Screaming,2005,https://boxd.it/1XnE,3
2023-08-25,Get Hard,2015,https://boxd.it/7Axe,1
2023-08-25,The Sitter,2011,https://boxd.it/mIo,1
2023-08-25,Bad Teacher,2011,https://boxd.it/yXA,2.5
2023-08-25,Ernest in the Army,1998,https://boxd.it/14pg,1.5
2023-08-25,Turner & Hooch,1989,https://boxd.it/21ie,2
2023-08-25,Pinocchio,1940,https://boxd.it/1V8C,3
2023-08-25,Bambi,1942,https://boxd.it/25AQ,2.5
2023-08-25,Dumbo,1941,https://boxd.it/1U2o,2.5
2023-08-25,Peter Pan,1953,https://boxd.it/1VCC,3.5
2023-08-25,One Hundred and One Dalmatians,1961,https://boxd.it/1SeC,3
2023-08-25,The Aristocats,1970,https://boxd.it/1X3Y,3.5
2023-08-25,Robin Hood,1973,https://boxd.it/1SRa,3
2023-08-25,A Goofy Movie,1995,https://boxd.it/1Lwu,3.5
2023-08-25,Brother Bear,2003,https://boxd.it/1Xjs,3
2023-08-25,Brave,2012,https://boxd.it/bVG,3
2023-08-25,Holes,2003,https://boxd.it/20mE,4
2023-08-25,The Pacifier,2005,https://boxd.it/1Xhm,1
2023-08-25,The Santa Clause,1994,https://boxd.it/1TWK,3
2023-08-25,Zenon: Girl of the 21st Century,1999,https://boxd.it/1djc,3.5
2023-08-25,The Cheetah Girls,2003,https://boxd.it/1hkS,1
2023-08-25,Wizards of Waverly Place: The Movie,2009,https://boxd.it/1thQ,2
2023-08-25,Lemonade Mouth,2011,https://boxd.it/4bG,2.5
2023-08-25,Air Buddies,2006,https://boxd.it/1XoM,2
2023-08-25,Snow Buddies,2008,https://boxd.it/1OQC,2.5
2023-08-25,Mr. Magoo,1997,https://boxd.it/1YGi,3
2023-08-25,"The Chronicles of Narnia: The Lion, the Witch and the Wardrobe",2005,https://boxd.it/2ark,3
2023-08-25,Chitty Chitty Bang Bang,1968,https://boxd.it/1Tbu,3
2023-08-25,The Muppets,2011,https://boxd.it/1zg,3
2023-08-25,Shrek 2,2004,https://boxd.it/29z8,3
2023-08-25,Meet the Robinsons,2007,https://boxd.it/28Ym,2.5
2023-08-25,GoodFellas,1990,https://boxd.it/29FA,3.5
2023-08-25,Tommy Boy,1995,https://boxd.it/1TZ0,2.5
2023-08-25,Indiana Jones and the Last Crusade,1989,https://boxd.it/2baO,3.5
2023-08-25,Back to the Future Part II,1989,https://boxd.it/2aYI,3
2023-08-25,Ben-Hur,1959,https://boxd.it/29RQ,3
2023-08-26,The Adventures of Buckaroo Banzai Across the 8th Dimension,1984,https://boxd.it/1TZk,3.5
2023-08-26,Guardians of the Galaxy Vol. 2,2017,https://boxd.it/8MxC,2.5
2023-08-26,The Avengers,2012,https://boxd.it/1xFW,2.5
2023-08-26,Transformers,2007,https://boxd.it/280c,2.5
2023-08-26,Joe Versus the Volcano,1990,https://boxd.it/26Ce,2
2023-08-26,Witness,1985,https://boxd.it/1Z4O,2.5
2023-08-26,Places in the Heart,1984,https://boxd.it/1PDO,3.5
2023-08-26,Hugo,2011,https://boxd.it/R08,3
2023-08-27,O,2001,https://boxd.it/1UIY,2.5
2023-08-27,Jack,1996,https://boxd.it/21au,2
2023-08-27,Stand by Me,1986,https://boxd.it/2aOe,3.5
2023-08-27,1917,2019,https://boxd.it/jj4y,2.5
2023-08-27,Blade Runner,1982,https://boxd.it/2bcA,3
2023-08-28,Parasite,2019,https://boxd.it/hTha,4
2023-08-28,The Two Popes,2019,https://boxd.it/k8Xk,4
2023-08-28,Click,2006,https://boxd.it/1YVM,3.5
2023-08-28,Raising Arizona,1987,https://boxd.it/2avQ,3.5
2023-08-28,Unforgiven,1992,https://boxd.it/6Z4,3.5
2023-08-28,A Man Called Otto,2022,https://boxd.it/zl06,3.5
2023-08-28,Field of Dreams,1989,https://boxd.it/26VK,3.5
2023-08-28,It,2017,https://boxd.it/bC8e,2.5
2023-08-28,Alien,1979,https://boxd.it/2awY,3.5
2023-08-28,Scooby-Doo 2: Monsters Unleashed,2004,https://boxd.it/1UPA,2
2023-08-28,Scooby-Doo! and the Cyber Chase,2001,https://boxd.it/1LTy,4
2023-08-29,The Waterboy,1998,https://boxd.it/1VHi,3
2023-08-29,Dallas Buyers Club,2013,https://boxd.it/4O8G,3.5
2023-08-29,22 Jump Street,2014,https://boxd.it/5Fvy,3
2023-08-29,Dinosaur,2000,https://boxd.it/1VWi,2.5
2023-08-29,Night at the Museum: Battle of the Smithsonian,2009,https://boxd.it/1H7U,3
2023-08-29,Tour de Pharmacy,2017,https://boxd.it/gnxS,3.5
2023-08-29,School Ties,1992,https://boxd.it/1NAe,3.5
2023-08-29,First Reformed,2017,https://boxd.it/go9C,4.5
2023-08-29,Children of Men,2006,https://boxd.it/1Y2i,4.5
2023-08-29,American History X,1998,https://boxd.it/2bdo,4.5
2023-08-29,Edge of Tomorrow,2014,https://boxd.it/4pD0,4
2023-08-29,The Florida Project,2017,https://boxd.it/dMG0,4
2023-08-30,Boogie Nights,1997,https://boxd.it/23um,3.5
2023-08-31,Glass Onion,2022,https://boxd.it/oCkK,3.5
2023-08-31,Forrest Gump,1994,https://boxd.it/728,3.5
2023-09-01,Strangers on a Train,1951,https://boxd.it/29tk,3
2023-09-06,Catch Me If You Can,2002,https://boxd.it/29VS,3.5
2023-09-06,Spy Kids,2001,https://boxd.it/1Xcw,3
2023-09-06,Meet the Parents,2000,https://boxd.it/28vE,2.5
2023-09-06,Delivery Man,2013,https://boxd.it/4E5M,2
2023-09-06,RV,2006,https://boxd.it/1YrW,1.5
2023-09-06,That's My Boy,2012,https://boxd.it/35IW,2.5
2023-09-06,Dumb and Dumber To,2014,https://boxd.it/3qPk,1
2023-09-06,Gods of Egypt,2016,https://boxd.it/6aje,2
2023-09-06,Gettysburg,1993,https://boxd.it/1VIq,3
2023-09-06,Perfect Blue,1997,https://boxd.it/1W7A,3.5
2023-09-07,Eight Below,2006,https://boxd.it/1Zki,3.5
2023-09-08,Sorry to Bother You,2018,https://boxd.it/f21E,4.5
2023-09-09,Million Dollar Arm,2014,https://boxd.it/5Y34,3
2023-09-09,Kapo,1960,https://boxd.it/Ou0,4
2023-09-09,This Place Rules,2022,https://boxd.it/CJGm,4
2023-09-09,The Incredible Hulk,2008,https://boxd.it/28dU,1.5
2023-09-10,Palm Springs,2020,https://boxd.it/lCXQ,5
2023-09-10,The Prestige,2006,https://boxd.it/293w,4.5
2023-09-10,Get Shorty,1995,https://boxd.it/20Ga,3.5
2023-09-10,Ghosted,2023,https://boxd.it/wL1e,3.5
2023-09-10,Oldboy,2003,https://boxd.it/29R2,4
2023-09-11,Mulan,1998,https://boxd.it/1VFw,4
2023-09-16,Aftersun,2022,https://boxd.it/Arw0,3.5
2023-09-17,Finding Forrester,2000,https://boxd.it/29KK,3.5
2023-09-17,Deadpool 2,2018,https://boxd.it/dlLM,3
2023-09-17,Warrior,2011,https://boxd.it/i3G,3.5
2023-09-17,Super 8,2011,https://boxd.it/dVI,3
2023-09-17,Slap Shot,1977,https://boxd.it/1TtS,3
2023-10-01,The Handmaiden,2016,https://boxd.it/948A,4.5
2023-10-10,Nashville,1975,https://boxd.it/25GE,2.5
2023-10-14,Hands on a Hardbody: The Documentary,1997,https://boxd.it/1GDK,4
2023-10-28,Solaris,1972,https://boxd.it/2a2Y,4
2023-11-08,The Interview,2014,https://boxd.it/6KQ4,3.5
2023-11-25,The Holdovers,2023,https://boxd.it/vHza,4.5
2023-12-02,Beyond the Infinite Two Minutes,2020,https://boxd.it/ujVk,4.5
2023-12-10,Moulin Rouge!,2001,https://boxd.it/29wI,4
2023-12-17,The Barkley Marathons: The Race That Eats Its Young,2014,https://boxd.it/b2ck,4
2023-12-22,The Law,1990,https://boxd.it/3vU,4
2023-12-24,Shake Hands with the Devil,2007,https://boxd.it/1l8Q,3.5
2023-12-28,See How They Run,2022,https://boxd.it/sNVq,3.5
2023-12-28,A Haunting in Venice,2023,https://boxd.it/zGdg,4
2023-12-30,The Great Race,1965,https://boxd.it/1TvY,2.5
2024-01-05,Wonka,2023,https://boxd.it/tCQm,3.5
2024-01-06,"I Love You, Man",2009,https://boxd.it/1JZu,2.5
2024-01-06,Team America: World Police,2004,https://boxd.it/24QS,2
2024-01-07,A Clockwork Orange,1971,https://boxd.it/2aVE,1.5
2024-01-08,Bob Roberts,1992,https://boxd.it/1VQ0,4
2024-01-10,Dumb and Dumber,1994,https://boxd.it/206m,3.5
2024-01-10,Downsizing,2017,https://boxd.it/9Ajq,3.5
2024-01-11,The Iron Giant,1999,https://boxd.it/1Wow,4.5
2024-01-12,Reservoir Dogs,1992,https://boxd.it/2agc,3
2024-01-13,Past Lives,2023,https://boxd.it/oNB8,3
2024-01-15,The Full Monty,1997,https://boxd.it/1YI4,4.5
2024-01-15,Mystery Team,2009,https://boxd.it/16Nu,3.5
2024-01-20,Mean Girls,2024,https://boxd.it/p6nO,4
2024-01-25,The Third Man,1949,https://boxd.it/294E,4
2024-01-26,Contact,1997,https://boxd.it/29OM,3.5
2024-01-26,The Wolf of Snow Hollow,2020,https://boxd.it/oeu2,3
2024-02-04,The Day After Tomorrow,2004,https://boxd.it/2aog,3.5
2024-03-03,Dune: Part Two,2024,https://boxd.it/pUfA,4.5
2024-03-03,Encanto,2021,https://boxd.it/kPRu,4
2024-03-03,Ratatouille,2007,https://boxd.it/27ww,4
2024-03-03,Spirited Away,2001,https://boxd.it/2b4m,4
2024-03-10,War of the Worlds,2005,https://boxd.it/2bde,3
2024-03-24,Licorice Pizza,2021,https://boxd.it/qTKY,3.5
2024-04-12,Cane Toads: An Unnatural History,1988,https://boxd.it/2SM2,3.5
2024-05-15,The Da Vinci Code,2006,https://boxd.it/2a3i,2.5
2024-05-15,Bodies Bodies Bodies,2022,https://boxd.it/iRcE,2.5
2024-06-15,Scary Movie,2000,https://boxd.it/24CG,2
2024-06-15,Alone,2020,https://boxd.it/ir2y,3.5
2024-07-04,Identity,2003,https://boxd.it/26e2,2
2024-07-04,Punch-Drunk Love,2002,https://boxd.it/20E4,4.5
